source,target,kind
115285270150890049,115285287418723494,reply
115284153736339788,115284178880893172,reply
115283923054210353,115283950509353872,reply
115283923054210353,115284026253442983,reply
115283783608488364,115284123707312886,reply
115281611161429426,115283530873979389,reply
115281072565450936,115283438765862999,reply
115283466134068636,115283469579939167,reply
115283469579939167,115283657289903520,reply
115281714198009313,115283385511709820,reply
115283306486124250,115283319731795222,reply
115283319731795222,115283338697165427,reply
115283338697165427,115283348913341896,reply
115283245492136107,115283334663135213,reply
115283752176022383,115284085234981436,reply
115283459316031938,115283510813987735,reply
115283510813987735,115283555430281076,reply
115283510813987735,115283560893979077,reply
115283510813987735,115283585367650870,reply
115283560893979077,115283609422503700,reply
115283560893979077,115283656868332240,reply
115283656868332240,115283914659499376,reply
115283174450591775,115283247598504452,reply
115283077013528084,115283129174725974,reply
115283129174725974,115283252112457936,reply
115283252112457936,115283285960796675,reply
115283285960796675,115283777686853355,reply
115282981981311600,115282995007462933,reply
115282995007462933,115283336743769722,reply
115282850603572991,115282883963387309,reply
115282777711790998,115283681847748272,reply
115282759764341521,115282777711790998,reply
115283632871947460,115283775917449476,reply
115282603651360393,115282603672636202,reply
115282603672636202,115283527504921859,reply
115283527504921859,115283527533761121,reply
115283527533761121,115283527551398928,reply
115282800831911011,115284086201346361,reply
115284086201346361,115284088415900893,reply
115284088415900893,115284524968341137,reply
115284524968341137,115284593057602635,reply
115283226929836828,115284107213439230,reply
115282154269403395,115282168030854107,reply
115282042608097739,115282046328014131,reply
115281964102053675,115281965346911770,reply
115281952248420871,115281964102053675,reply
115281823866138513,115282955562940898,reply
115280933834898104,115280964566465206,reply
115280964566465206,115281032118736602,reply
115281032118736602,115281057506683007,reply
115281057506683007,115281073061481233,reply
115281073061481233,115281080592918670,reply
115281080592918670,115281595289598931,reply
115281595289598931,115281614139255465,reply
115281599406296947,115281635987548311,reply
115281635987548311,115281651763782979,reply
115281651763782979,115281733063849546,reply
115281733063849546,115281744272076275,reply
115281744272076275,115282253802995220,reply
115281598618774846,115281605180998507,reply
115281605180998507,115282348946915446,reply
115281287911672833,115281290430396617,reply
115281290430396617,115281292079673212,reply
115281284481664851,115281298584364747,reply
115279881912547430,115279892127246680,reply
115279892127246680,115279910296672157,reply
115279910296672157,115280488567234608,reply
115280488567234608,115281145861831090,reply
115281145861831090,115281170955855257,reply
115281170955855257,115281213591726545,reply
115281213591726545,115281284481664851,reply
115281298584364747,115281321039907052,reply
115281321039907052,115281331104898051,reply
115281331104898051,115281372563783124,reply
115281372563783124,115282195139185814,reply
115282195139185814,115282771522420521,reply
115282771522420521,115282821769991541,reply
115282771522420521,115283834764822367,reply
115282821769991541,115282969439719804,reply
115282969439719804,115283802250661778,reply
115282969439719804,115283841012594728,reply
115283802250661778,115283834713602883,reply
115283834713602883,115283859419033546,reply
115281227720310535,115281236729569407,reply
115281236729569407,115281239474133970,reply
115281239474133970,115281241652719222,reply
115281241652719222,115281243395829302,reply
115281234766620537,115281780861438370,reply
115281846875087513,115281860376813879,reply
115281860376813879,115281875779963352,reply
115281175474218697,115281179276012363,reply
115281179276012363,115281174438723218,reply
115281174438723218,115281179998676921,reply
115280899233600408,115280900493692538,reply
115280766529518570,115280824059288070,reply
115280766529518570,115280832005481486,reply
115280824059288070,115280865931817291,reply
115280865931817291,115280882091463578,reply
115280882091463578,115281224595217891,reply
115280832005481486,115280869457799201,reply
115281150376313081,115281158001353110,reply
115281158001353110,115281234255378795,reply
115280660927996568,115280816142777449,reply
115280816142777449,115281066605354890,reply
115280396775244755,115280417026802815,reply
115279961508426036,115280376454647195,reply
115280376454647195,115280396775244755,reply
115280050577416044,115280358433750436,reply
115280050577416044,115283139788439307,reply
115280358433750436,115280554624930758,reply
115280554624930758,115280570232836773,reply
115280554624930758,115280582763197639,reply
115280554624930758,115280810943693196,reply
115280582763197639,115280704823633365,reply
115280810943693196,115280899601528425,reply
115280392768880910,115280402748850218,reply
115280656340562976,115280669975840469,reply
115279009494602143,115279074240607809,reply
115279074240607809,115279091172322067,reply
115279108778451771,115279141443018680,reply
115280564871742437,115283098086986783,reply
115280847174305191,115282480399606339,reply
115278893339130466,115278893228720496,reply
115278893228720496,115278893426047965,reply
115279221284005292,115279232723671972,reply
115279232723671972,115279666531920982,reply
115278743907440590,115278770607239604,reply
115277608700213742,115278567615170911,reply
115285414717972161,115285528107749516,reply
115285252736202788,115285270150890049,reply
115285146537459690,115285146712798548,reply
115284652032440732,115284729175585756,reply
115284668055071204,115284753447422016,reply
115284456866588192,115284665677296032,reply
115282456510148395,115284303938206604,reply
115284148562688031,115284153736339788,reply
115284008245885831,115284140043534778,reply
115283906209119379,115283923054210353,reply
115283789908417992,115284646398779221,reply
115283776612224687,115283783608488364,reply
115281423538228539,115281611161429426,reply
115280990401426473,115281072565450936,reply
115283428353965811,115283452512170808,reply
115283428353965811,115283466134068636,reply
115283402091818408,115284192631842954,reply
115283401131606392,115283429708459057,reply
115283401131606392,115283545641457391,reply
115281231184555098,115281714198009313,reply
115281231184555098,115281234766620537,reply
115283276675704224,115283306486124250,reply
115283189896479492,115283245492136107,reply
115282850232484257,115283238361696706,reply
115282850232484257,115282850603572991,reply
115283224594643816,115283752176022383,reply
115283193979016297,115283459316031938,reply
115283142519749768,115283174450591775,reply
115283044620280562,115283077013528084,reply
115283018221889701,115283680187512538,reply
115283007608615136,115283810408858202,reply
115282963654662176,115284277384065625,reply
115282961300487995,115282990964199214,reply
115282960919471804,115283010970626972,reply
115282960919471804,115283081350683027,reply
115282948540804276,115282953767054798,reply
115282945368811273,115282981981311600,reply
115282945368811273,115283172059261913,reply
115282823170886614,115282892399275511,reply
115282888617887849,115282888691811135,reply
115282872798478051,115282882917326060,reply
115282803213046105,115282803876487597,reply
115282373639442702,115282759764341521,reply
115282715506165452,115282985674661861,reply
